Jour;Jour;0-1h;1-2h;2-3h;3-4h;4-5h;5-6h;6-7h;7-8h;8-9h;9-10h;10-11h;11-12h;12-13h;13-14h;14-15h;15-16h;16-17h;17-18h;18-19h;19-20h;20-21h;21-22h;22-23h;23-24h;Total
01/05/2022;1;230;159;116;90;72;97;137;147;138;258;324;421;438;448;496;452;459;461;522;540;359;261;229;204;7058
02/05/2022;2;124;72;64;47;53;112;342;565;833;619;569;526;539;606;636;585;670;597;606;543;417;342;225;188;9880
03/05/2022;3;130;85;46;54;40;120;365;661;804;690;599;587;610;585;685;670;696;603;596;570;424;330;191;174;10315
04/05/2022;4;100;78;45;51;47;117;370;597;773;672;590;613;696;626;677;630;719;569;618;535;417;256;195;206;10197
05/05/2022;5;169;59;53;49;48;138;381;657;819;680;620;616;609;619;652;715;753;235;610;645;444;315;243;211;10340
06/05/2022;6;146;75;57;45;51;133;342;626;791;636;594;631;652;613;737;783;693;662;639;582;470;345;290;237;10830
07/05/2022;7;170;135;88;71;65;96;161;208;268;374;457;479;474;532;517;561;550;508;72;577;629;293;252;262;7799
08/05/2022;1;221;167;118;87;19;115;181;145;163;278;326;396;426;461;468;456;453;507;578;467;325;297;227;186;7067
09/05/2022;2;123;62;44;28;47;131;398;746;956;797;651;617;573;700;676;672;782;629;627;589;428;282;199;126;10883
10/05/2022;3;108;64;44;38;40;126;438;807;917;797;646;632;685;684;774;750;741;727;663;660;497;307;240;175;11560
11/05/2022;4;135;67;47;37;50;123;415;902;969;807;668;643;710;752;785;670;786;636;683;610;507;346;261;196;11805
12/05/2022;5;119;86;54;35;69;127;417;889;1026;812;635;648;722;697;712;729;742;621;603;593;434;310;288;188;11556
13/05/2022;6;133;77;51;41;59;148;398;772;945;757;714;712;781;749;821;784;628;660;706;613;629;359;272;246;12055
14/05/2022;7;176;179;111;66;83;89;178;215;351;503;552;528;547;551;528;716;581;643;660;509;491;320;279;284;9140
15/05/2022;1;208;159;143;75;74;65;136;152;200;288;396;461;524;488;482;430;432;602;587;531;456;272;201;151;7513
16/05/2022;2;83;71;44;39;42;124;399;823;919;745;630;613;625;709;653;671;769;643;693;581;393;269;250;232;11020
17/05/2022;3;140;76;65;71;59;137;414;887;993;804;619;641;673;678;758;770;726;636;640;597;443;326;279;232;11664
18/05/2022;4;164;110;71;68;72;132;419;796;937;782;665;629;679;706;714;799;766;661;664;593;461;340;304;222;11754
19/05/2022;5;172;147;84;39;61;128;433;806;984;795;653;626;643;652;678;740;664;729;634;577;456;327;298;242;11568
20/05/2022;6;175;114;57;58;65;132;391;772;632;775;632;671;723;700;828;694;695;714;601;668;451;335;302;291;11476
22/05/2022;1;266;213;171;125;91;68;137;126;201;264;382;449;522;463;484;459;514;499;541;525;356;295;235;178;7564
23/05/2022;2;122;64;38;33;57;113;397;809;908;725;597;640;660;729;705;794;707;675;685;643;426;285;212;142;11166
24/05/2022;3;102;66;47;20;48;128;436;914;256;821;592;737;706;660;760;826;677;716;618;582;422;310;231;200;10875
25/05/2022;4;119;70;61;41;57;131;428;717;888;728;662;682;663;683;799;734;737;669;687;657;510;339;292;204;11558
26/05/2022;5;143;111;94;49;83;67;152;222;163;360;393;442;419;408;415;458;429;425;475;404;378;282;259;216;6847
27/05/2022;6;156;81;69;50;62;112;246;391;536;548;558;625;589;588;649;611;595;565;533;511;415;284;271;191;9236
28/05/2022;7;161;98;74;72;62;40;156;185;264;398;452;522;475;488;522;464;571;601;483;490;427;283;201;279;7768
31/05/2022;3;99;82;44;49;48;132;405;886;994;754;666;663;717;694;290;752;745;628;644;610;437;290;248;199;11076
01/06/2022;4;145;77;54;44;53;135;449;788;958;738;731;728;698;669;761;774;764;626;728;590;469;315;239;191;11724
02/06/2022;5;133;56;53;43;62;121;657;747;664;819;684;752;664;666;803;741;726;642;565;552;583;311;243;202;11489
03/06/2022;6;145;105;67;53;56;122;434;750;885;698;671;733;752;784;861;686;711;692;593;660;490;284;253;228;11713
04/06/2022;7;196;141;107;64;60;111;166;234;325;430;488;568;568;548;555;607;555;566;590;589;513;300;232;230;8743
05/06/2022;1;224;162;118;71;62;57;123;118;194;261;347;435;454;434;450;394;397;413;498;436;309;272;210;209;6648
06/06/2022;2;158;126;89;56;49;62;147;235;270;310;358;389;451;413;479;458;466;395;454;410;324;252;208;182;6741
07/06/2022;3;115;58;45;39;55;132;460;858;893;797;662;687;712;822;757;750;512;683;607;594;535;292;272;165;11502
08/06/2022;4;118;76;49;42;52;128;444;856;939;826;716;681;707;704;700;758;777;779;719;610;517;301;223;186;11908
09/06/2022;5;122;77;50;40;59;117;440;817;1040;859;683;634;688;703;685;712;744;642;640;597;492;279;256;212;11588
10/06/2022;6;136;80;81;45;73;138;397;737;914;749;672;648;702;734;729;768;673;672;674;615;460;295;309;227;11528
11/06/2022;7;191;155;111;67;41;81;166;222;387;495;491;537;549;551;567;613;538;532;545;719;452;332;266;294;8902
12/06/2022;1;276;213;122;111;97;142;201;137;209;303;386;466;556;558;491;445;415;506;686;473;404;306;253;189;7945
13/06/2022;2;155;94;104;96;55;146;403;755;976;694;571;641;611;696;696;716;689;693;588;652;424;229;210;156;11050
14/06/2022;3;122;60;52;39;49;128;426;809;889;823;702;686;678;709;743;662;742;717;735;562;420;280;218;179;11430
15/06/2022;4;139;84;45;51;55;134;434;823;971;771;655;674;668;715;719;823;665;8;623;592;493;283;296;295;11016
16/06/2022;5;202;98;48;42;57;133;448;915;946;767;644;655;635;639;713;677;700;624;598;571;418;327;304;271;11432
17/06/2022;6;242;141;108;64;59;120;414;755;871;713;642;696;694;729;721;642;705;656;621;617;588;357;316;233;11704
18/06/2022;7;227;139;97;64;76;106;178;242;356;495;511;535;518;506;473;428;484;459;520;482;396;320;281;264;8157
19/06/2022;1;243;186;139;93;82;125;159;141;199;302;361;458;576;659;485;453;435;519;641;500;373;371;240;185;7925
20/06/2022;2;111;88;111;49;59;126;389;811;915;686;628;658;718;668;732;802;696;669;624;531;449;276;225;142;11163
21/06/2022;3;123;70;52;44;47;112;441;990;921;869;654;626;715;676;732;675;771;763;718;655;487;315;257;215;11928
22/06/2022;4;173;112;91;62;64;114;461;822;929;703;353;619;627;666;671;682;715;710;681;609;460;304;245;205;11078
23/06/2022;5;152;99;50;47;51;134;420;887;1065;716;622;699;643;665;768;722;727;738;715;703;585;337;285;189;12019
24/06/2022;6;187;114;81;71;68;114;424;703;866;714;671;684;703;733;828;811;864;760;710;686;451;317;278;228;12066
25/06/2022;7;186;150;97;88;75;121;212;249;326;418;493;547;686;786;656;640;602;539;564;557;394;288;242;239;9155
26/06/2022;1;234;172;125;75;76;83;124;144;195;275;392;418;495;450;455;452;457;480;561;538;409;289;225;183;7307
27/06/2022;2;131;76;76;116;53;113;399;805;935;697;607;620;724;876;731;675;731;710;732;519;405;286;229;176;11422
28/06/2022;3;119;65;51;48;58;120;443;1018;1021;773;677;648;670;650;740;713;780;791;682;543;438;303;248;215;11814
29/06/2022;4;165;86;61;50;57;120;453;861;939;820;678;662;678;687;737;742;777;712;712;702;573;425;324;222;12243
30/06/2022;5;152;107;78;58;81;137;437;932;975;810;673;708;714;754;743;709;766;769;655;577;494;350;286;252;12217
01/07/2022;6;185;100;76;61;67;132;460;755;907;704;597;624;647;673;692;693;736;801;640;567;441;334;319;222;11433
02/07/2022;7;195;145;121;80;97;128;196;223;297;438;494;530;526;494;534;615;773;492;549;509;406;286;285;304;8717
03/07/2022;1;239;188;139;104;76;124;207;122;170;274;378;466;517;469;175;435;406;509;543;512;382;322;240;198;7195
04/07/2022;2;145;91;74;108;75;123;379;860;975;694;609;622;697;640;640;740;486;685;657;603;433;310;263;201;11110
05/07/2022;3;149;87;71;45;64;165;458;957;989;758;569;646;742;796;765;762;726;766;694;601;427;343;269;243;12092
06/07/2022;4;173;118;79;49;78;138;455;790;913;724;693;664;589;670;699;744;723;686;681;622;425;341;281;243;11578
07/07/2022;5;177;105;92;46;58;119;426;761;907;695;620;620;681;637;689;614;730;715;679;575;412;364;269;213;11204
08/07/2022;6;172;121;77;67;63;121;373;641;823;673;642;630;646;678;828;719;769;695;597;541;470;314;261;225;11146
09/07/2022;7;183;154;95;86;83;107;193;220;348;389;486;528;497;444;469;447;423;469;488;461;341;310;272;258;7751
11/07/2022;2;154;88;49;31;56;114;369;671;822;227;610;627;569;514;620;691;706;743;605;475;369;263;214;166;9753
12/07/2022;3;139;76;41;47;42;117;396;740;828;693;634;631;566;586;656;649;699;690;635;500;396;299;231;209;10500
13/07/2022;4;139;90;65;48;48;113;408;658;799;679;598;611;589;584;700;707;682;709;756;649;533;328;280;234;11007
14/07/2022;5;172;142;103;62;78;68;152;172;189;255;309;330;341;333;349;306;358;376;372;424;321;300;293;17;5822
15/07/2022;6;153;116;141;127;57;108;282;408;554;526;551;516;505;551;550;569;501;552;490;416;357;262;202;190;8684
16/07/2022;7;166;98;77;63;66;65;155;192;249;348;398;434;380;388;409;341;408;380;446;402;328;278;220;215;6506
17/07/2022;1;215;153;130;73;71;56;98;122;154;225;307;364;371;331;343;329;341;365;372;398;349;260;234;175;5836
18/07/2022;2;141;87;69;114;54;104;332;573;781;600;537;476;561;663;745;692;589;177;517;467;335;274;229;142;9259
19/07/2022;3;106;84;62;48;45;118;368;619;428;744;590;595;537;614;573;531;552;569;498;426;394;287;225;150;9163
20/07/2022;4;110;81;57;34;51;101;325;594;746;666;573;533;561;629;647;613;674;680;760;556;443;275;240;195;10144
21/07/2022;5;143;102;61;39;46;95;353;635;766;670;607;595;573;606;583;608;618;605;521;481;423;299;254;191;9874
22/07/2022;6;142;100;87;61;52;128;325;559;726;589;571;547;580;644;759;751;695;715;632;533;381;271;230;179;10257
24/07/2022;1;220;152;98;73;73;62;106;124;151;231;346;417;444;374;403;366;314;379;474;448;346;274;226;161;6262
25/07/2022;2;156;92;83;134;69;117;316;573;672;603;539;551;520;582;595;531;564;570;524;421;387;240;208;131;9178
26/07/2022;3;136;61;42;48;39;88;343;565;799;663;508;551;481;579;654;631;701;681;618;265;383;282;197;179;9494
27/07/2022;4;109;81;57;47;61;46;327;618;738;663;529;527;524;736;622;630;658;741;623;515;333;281;220;204;9890
28/07/2022;5;124;93;71;54;50;92;331;561;733;626;548;693;687;765;772;739;698;651;636;631;437;270;240;186;10688
29/07/2022;6;119;103;67;54;54;89;314;520;635;614;550;547;542;555;651;671;684;740;626;673;555;319;259;201;10142
30/07/2022;7;184;122;96;74;70;76;168;210;249;327;401;419;441;432;445;456;429;439;475;419;353;264;268;223;7040
31/07/2022;1;206;138;111;65;74;60;102;113;140;233;323;396;361;348;361;358;369;396;398;393;321;281;245;193;5985
01/08/2022;2;124;81;81;136;81;99;262;468;617;560;521;487;447;514;524;525;553;564;443;436;320;275;163;120;8401
02/08/2022;3;83;59;45;34;56;77;251;467;713;585;480;521;476;558;517;536;564;517;511;428;349;276;203;171;8477
03/08/2022;4;113;73;51;43;48;77;265;472;605;570;491;449;460;457;469;461;507;540;460;404;385;247;191;169;8007
04/08/2022;5;139;79;39;49;54;90;258;464;622;552;481;479;433;500;520;538;510;509;537;403;323;271;195;162;8207
05/08/2022;6;102;64;54;45;55;100;234;426;567;512;462;500;488;518;543;536;527;492;436;459;307;268;220;169;8084
06/08/2022;7;128;108;64;60;54;68;115;165;240;289;328;397;53;384;363;370;352;370;362;348;289;239;211;201;5558
07/08/2022;1;143;107;89;50;58;79;87;104;125;198;245;320;351;345;324;338;292;330;354;346;306;245;173;148;5157
08/08/2022;2;122;83;72;161;58;93;208;417;514;440;388;468;418;397;470;432;490;424;405;391;300;228;174;154;7307
09/08/2022;3;82;69;37;31;50;85;229;432;534;458;471;414;411;467;434;467;490;521;474;387;302;248;176;150;7419
10/08/2022;4;100;69;57;40;41;81;212;425;513;458;475;505;418;463;482;386;469;446;432;351;314;210;179;134;7260
11/08/2022;5;83;66;49;59;49;73;215;426;499;461;442;420;421;420;463;413;419;385;444;426;321;254;182;134;7124
12/08/2022;6;103;69;48;37;38;69;205;359;468;450;439;454;369;436;457;473;452;462;392;375;289;264;181;147;7036
13/08/2022;7;39;89;55;40;56;68;106;160;175;273;327;319;294;311;334;328;296;301;335;321;256;206;176;176;5041
14/08/2022;1;114;94;73;64;52;127;101;101;113;188;261;329;322;280;299;268;270;261;290;316;245;191;138;138;4635
15/08/2022;2;106;82;63;86;94;186;127;121;144;182;245;272;295;305;327;308;267;295;293;328;240;213;160;141;4880
16/08/2022;3;104;63;47;32;43;100;211;403;533;430;410;438;439;489;460;445;487;473;372;323;274;230;159;114;7079
17/08/2022;4;78;61;40;36;29;65;203;392;519;426;396;385;413;439;455;394;504;439;420;387;273;226;177;113;6870
18/08/2022;5;103;62;51;40;45;67;202;408;586;403;408;402;387;427;437;410;440;414;462;369;306;231;175;137;6972
19/08/2022;6;132;70;49;42;51;89;192;367;571;416;454;456;439;476;534;504;497;490;462;397;307;239;175;161;7570
21/08/2022;1;171;97;95;53;52;49;86;102;123;184;269;318;345;329;350;335;286;317;402;333;265;219;182;110;5072
22/08/2022;2;119;71;176;77;52;85;241;450;656;584;623;491;415;535;518;484;544;501;434;381;275;207;198;120;8237
23/08/2022;3;95;55;43;34;46;87;250;460;676;656;502;485;488;557;557;544;575;601;470;413;307;239;197;139;8476
24/08/2022;4;93;52;55;44;48;77;247;477;663;522;473;376;370;490;602;593;605;707;578;433;327;258;194;146;8430
25/08/2022;5;93;54;51;57;43;76;252;506;675;554;492;501;435;485;579;561;619;556;484;476;346;231;209;183;8518
26/08/2022;6;107;90;50;43;47;79;245;457;637;527;490;548;517;538;623;546;596;554;595;601;377;275;228;161;8931
27/08/2022;7;152;95;65;58;56;74;145;186;245;347;434;456;434;469;490;512;437;414;446;426;346;291;260;207;7045
28/08/2022;1;182;120;81;68;63;147;131;127;164;235;299;382;443;370;408;395;395;418;451;489;310;284;209;176;6347
29/08/2022;2;143;78;120;104;45;105;288;558;751;592;583;549;504;700;651;619;736;702;665;619;386;268;201;134;10101
30/08/2022;3;127;62;45;34;41;107;324;654;797;657;599;578;606;709;832;706;762;736;677;698;462;289;233;158;10893
31/08/2022;4;99;69;48;42;45;102;308;599;790;628;579;604;553;652;672;716;733;677;774;631;361;277;173;136;10268
01/09/2022;5;109;62;52;49;52;103;311;637;800;748;653;601;582;630;634;635;800;662;624;537;405;295;190;141;10312
02/09/2022;6;105;60;49;42;54;99;323;627;836;656;629;592;630;705;711;799;753;764;649;694;485;300;273;221;11056
03/09/2022;7;153;116;75;67;64;78;156;229;296;392;457;507;454;446;485;555;510;472;514;488;398;314;287;220;7733
04/09/2022;1;223;160;126;81;74;62;119;136;181;256;349;397;467;445;464;455;428;511;538;518;401;312;191;149;7043
05/09/2022;2;114;81;174;79;45;104;360;691;965;699;595;596;588;622;658;654;739;748;719;602;373;265;181;117;10769
06/09/2022;3;81;71;40;39;62;110;344;890;1031;968;677;667;663;309;698;632;720;777;743;639;409;279;242;213;11304
07/09/2022;4;141;69;60;43;63;100;378;793;946;687;620;647;571;656;688;664;797;811;641;553;422;280;241;158;11029
08/09/2022;5;117;68;55;45;69;114;372;806;1075;796;631;643;628;687;669;674;744;792;642;585;437;319;314;220;11502
09/09/2022;6;139;81;64;50;70;116;358;702;936;719;662;622;637;698;715;705;779;798;660;604;465;332;292;223;11427
10/09/2022;7;159;111;92;69;50;74;170;221;299;450;481;559;522;526;672;623;639;583;574;618;401;315;265;262;8735
11/09/2022;1;229;154;120;76;69;61;127;143;177;255;372;457;556;466;584;502;507;517;501;641;429;315;207;127;7592
12/09/2022;2;112;86;46;34;42;100;347;777;994;760;578;597;601;665;733;639;758;729;678;606;405;292;233;136;10948
13/09/2022;3;119;64;46;49;54;117;407;852;1062;813;634;652;625;697;720;653;817;774;713;657;463;297;240;174;11699
14/09/2022;4;111;66;52;35;48;117;383;921;1066;785;620;652;675;696;711;697;757;783;815;661;415;252;222;204;11744
15/09/2022;5;126;88;61;45;59;121;383;820;1028;780;618;652;623;676;664;675;793;748;712;623;437;309;219;206;11466
16/09/2022;6;156;103;63;45;56;123;420;755;932;741;654;691;789;768;717;732;733;635;652;721;462;330;281;209;11768
17/09/2022;7;151;109;78;60;59;75;166;224;351;451;518;555;582;558;610;701;660;570;566;551;436;321;289;236;8877
18/09/2022;1;225;173;124;63;79;53;128;151;197;252;387;414;502;474;485;454;453;537;599;551;407;265;211;150;7334
19/09/2022;2;102;55;40;38;43;106;374;842;1078;798;631;655;602;662;685;650;742;714;793;536;450;284;205;113;11198
20/09/2022;3;79;53;38;41;43;125;392;840;1100;934;678;634;639;624;691;725;845;820;736;669;450;328;220;163;11867
21/09/2022;4;92;48;33;33;43;136;433;830;975;736;627;661;668;683;728;781;794;755;790;330;507;311;252;157;11403
22/09/2022;5;103;55;37;49;42;120;426;861;996;696;634;636;672;714;692;800;770;784;813;630;440;321;250;190;11731
23/09/2022;6;125;70;46;37;63;124;394;725;969;678;662;665;647;724;755;749;690;675;714;690;602;294;245;208;11551
24/09/2022;7;184;130;75;61;58;76;178;215;348;449;526;590;609;562;604;642;710;679;631;576;461;305;290;246;9205
25/09/2022;1;212;161;158;77;41;67;115;137;190;307;393;501;559;511;526;482;506;649;757;737;408;258;197;172;8121
26/09/2022;2;94;55;40;35;38;108;401;769;1004;722;597;622;584;664;669;326;747;758;721;661;382;284;210;162;10653
27/09/2022;3;86;63;39;43;43;117;425;978;1076;773;612;641;646;686;734;675;787;751;737;611;444;373;271;178;11789
28/09/2022;4;98;83;53;38;46;126;415;867;995;712;631;664;703;875;792;771;796;773;827;671;524;352;242;196;12250
29/09/2022;5;122;53;50;33;56;112;450;915;1116;823;644;641;678;779;744;724;831;735;750;623;471;306;227;156;12039
01/10/2022;7;161;116;87;61;53;80;164;243;310;453;525;615;637;599;621;611;716;581;609;592;497;356;264;293;9244
02/10/2022;1;249;195;115;96;75;60;132;148;160;338;402;512;496;531;500;539;513;585;669;582;383;240;176;136;7832
03/10/2022;2;98;56;39;33;43;141;409;1074;1157;831;639;660;668;745;749;778;846;758;716;719;451;311;217;153;12291
04/10/2022;3;103;40;52;37;45;132;429;996;1097;847;714;694;704;751;745;805;810;790;715;572;431;273;201;141;12124
05/10/2022;4;110;65;41;42;44;134;441;794;959;726;654;628;671;728;733;725;743;821;775;633;431;322;276;179;11675
06/10/2022;5;125;70;48;56;53;129;447;965;1111;709;672;686;760;808;752;799;832;791;820;642;467;321;234;186;12483
07/10/2022;6;123;84;56;59;41;145;451;739;941;658;666;748;680;739;801;893;837;780;785;749;529;369;301;226;12400
09/10/2022;1;270;204;143;118;199;190;147;136;230;296;383;436;455;478;458;499;464;475;535;472;348;263;165;135;7499
10/10/2022;2;104;51;40;44;45;126;435;913;924;653;534;343;543;648;630;590;700;612;549;478;414;269;262;257;10164
11/10/2022;3;174;90;67;57;90;137;424;833;1011;706;554;601;577;588;660;695;752;738;644;530;415;334;321;18;11016
12/10/2022;4;190;98;88;71;98;132;399;740;914;708;585;602;700;648;678;598;628;641;629;498;383;339;292;198;10857
13/10/2022;5;160;93;72;78;75;150;415;685;924;693;573;592;591;623;619;640;637;719;628;551;428;306;277;201;10730
14/10/2022;6;176;96;49;47;64;155;376;681;812;618;633;650;669;715;676;755;703;643;636;518;400;273;256;205;10806
15/10/2022;7;166;132;65;58;57;77;163;232;320;431;485;493;514;490;582;530;537;487;491;502;347;291;232;241;7923
16/10/2022;1;212;171;124;75;70;65;143;169;177;253;353;433;478;474;451;411;424;492;458;432;333;196;167;124;6685
17/10/2022;2;92;63;38;35;39;110;383;734;858;664;526;603;564;608;637;572;702;686;620;419;350;252;187;102;9844
18/10/2022;3;81;64;44;41;61;123;443;853;911;663;546;605;617;599;616;597;662;644;584;495;418;292;246;143;10348
19/10/2022;4;97;54;44;48;48;123;377;764;915;685;645;607;703;784;691;666;733;824;686;582;436;267;217;160;11156
20/10/2022;5;119;66;48;39;50;113;410;884;1057;763;656;616;617;692;694;645;780;752;737;575;417;331;232;177;11470
21/10/2022;6;112;79;29;53;55;128;395;732;970;682;652;700;707;634;837;666;787;665;605;595;459;340;249;182;11313
23/10/2022;1;218;155;118;84;65;69;132;157;181;284;365;434;483;462;490;460;460;507;509;456;330;274;186;164;7043
24/10/2022;2;84;59;46;36;44;114;389;675;870;707;117;577;616;631;690;647;640;710;754;533;392;241;165;114;9851
25/10/2022;3;105;43;44;32;58;140;452;705;978;722;586;640;662;647;684;780;740;758;675;654;497;305;200;165;11272
27/10/2022;5;137;84;57;55;53;125;395;700;894;783;648;657;626;623;762;741;834;697;695;567;442;327;233;245;11380
28/10/2022;6;190;111;43;70;61;133;377;603;791;637;625;664;669;670;757;759;754;731;705;597;409;319;249;230;11154
29/10/2022;7;174;122;101;61;58;87;158;211;318;366;505;570;539;500;601;740;515;517;575;603;418;313;257;244;8553
30/10/2022;1;220;162;85;66;66;64;122;146;208;319;387;452;506;466;449;496;514;464;502;456;298;219;166;139;6972
01/11/2022;3;123;123;116;76;64;84;148;178;222;284;423;494;480;471;481;448;445;489;471;366;293;223;135;140;6777
02/11/2022;4;99;55;28;34;45;123;356;691;569;633;634;654;576;601;698;628;861;727;700;653;396;274;169;152;10356
03/11/2022;5;104;62;41;40;49;118;379;690;856;647;618;648;639;649;765;736;756;756;700;694;495;285;187;157;11071
04/11/2022;6;126;64;55;43;49;125;362;648;770;630;617;627;622;713;790;801;764;670;860;572;525;295;248;197;11173
05/11/2022;7;175;103;111;65;71;82;154;216;326;421;523;603;567;552;567;587;498;597;726;651;645;383;249;259;9131
06/11/2022;1;195;160;131;100;78;65;117;156;187;276;372;402;525;450;527;540;488;537;649;393;286;204;165;149;7152
07/11/2022;2;74;48;36;27;50;112;412;964;1064;790;627;620;634;668;704;718;827;820;688;492;374;251;211;152;11363
08/11/2022;3;88;56;34;34;58;123;435;955;1097;802;701;676;614;700;682;744;765;834;657;591;424;284;239;176;11769
09/11/2022;4;119;85;47;47;57;118;426;827;982;770;667;693;686;680;705;787;809;817;686;671;514;304;267;150;11914
10/11/2022;5;109;54;59;46;57;157;454;921;838;742;650;667;651;671;730;771;857;761;752;698;630;412;284;214;12185
11/11/2022;6;175;126;94;64;55;65;152;191;261;305;488;506;482;524;483;501;484;508;532;451;303;258;232;215;7455
13/11/2022;1;151;169;99;89;73;78;110;154;201;277;350;452;473;490;513;508;483;771;708;612;306;228;176;139;7610
14/11/2022;2;92;52;35;42;44;122;405;842;1019;766;647;718;744;702;730;747;832;709;779;692;411;279;194;112;11715
15/11/2022;3;84;49;41;37;58;141;414;866;1046;807;672;694;665;770;701;735;812;698;737;714;455;291;215;156;11858
16/11/2022;4;104;66;47;36;34;135;444;831;960;1037;786;703;637;649;742;853;822;666;667;594;450;293;221;144;11921
17/11/2022;5;104;70;55;45;54;136;429;874;1002;798;665;638;692;677;701;710;798;735;691;602;438;337;215;171;11637
18/11/2022;6;128;73;56;46;63;132;378;737;849;718;627;708;671;700;763;753;834;722;694;686;591;378;222;95;11624
19/11/2022;7;176;142;99;73;79;85;163;240;318;465;536;568;556;568;633;562;602;663;776;730;444;284;255;259;9276
20/11/2022;1;249;183;112;99;75;73;106;136;189;314;376;462;546;515;558;449;506;549;487;441;340;232;138;137;7272
21/11/2022;2;92;54;31;36;40;119;451;931;940;885;664;664;607;626;704;688;770;659;623;457;383;259;169;97;10949
22/11/2022;3;82;49;41;39;48;141;435;1061;1050;948;779;715;663;697;779;758;820;705;641;564;374;249;259;159;12056
23/11/2022;4;108;70;44;38;37;131;460;881;983;763;636;649;690;733;695;702;742;645;651;758;428;271;210;149;11474
24/11/2022;5;101;47;45;44;47;136;458;914;972;803;752;858;764;797;842;828;872;736;628;582;408;255;217;177;12283
25/11/2022;6;115;65;45;42;51;127;394;794;940;730;647;630;670;728;842;915;748;614;673;583;413;295;242;188;11491
26/11/2022;7;172;108;87;63;65;76;167;231;352;446;548;573;570;555;601;599;676;581;546;643;440;354;285;233;8971
27/11/2022;1;245;151;111;84;70;67;112;145;197;265;385;476;530;492;490;456;463;707;786;563;310;198;185;122;7610
28/11/2022;2;83;49;46;38;46;132;406;920;1093;838;681;647;654;689;682;665;742;701;615;484;374;258;197;136;11176
30/11/2022;4;110;75;47;45;39;123;426;786;960;843;656;470;662;716;723;805;800;761;688;597;434;268;223;151;11408
01/12/2022;5;100;57;53;34;45;146;426;873;1011;754;621;630;616;723;690;731;697;631;757;579;439;281;244;159;11297
02/12/2022;6;96;17;52;32;49;121;426;801;946;751;663;675;692;765;810;738;664;750;746;666;450;302;258;204;11674
03/12/2022;7;169;120;83;63;67;80;173;240;378;461;520;645;717;659;574;10;651;639;676;662;503;266;258;227;8841
04/12/2022;1;225;193;132;79;54;64;119;145;212;294;384;496;543;501;585;537;464;419;541;414;289;227;193;116;7226
05/12/2022;2;100;64;37;33;45;108;423;983;1159;907;687;639;654;668;745;691;771;661;680;596;406;244;217;131;11649
06/12/2022;3;112;72;44;43;50;129;417;934;1072;843;592;662;672;691;784;758;840;684;694;653;565;296;262;189;12058
07/12/2022;4;106;83;60;43;42;112;403;900;1091;819;704;637;732;759;730;763;854;735;716;573;431;264;219;158;11934
08/12/2022;5;117;80;61;41;45;121;441;855;980;853;763;616;666;725;731;781;845;671;707;579;412;309;237;165;11801
09/12/2022;6;135;82;66;59;44;141;411;754;900;752;656;685;743;764;782;670;817;667;679;569;406;251;235;219;11487
10/12/2022;7;172;124;96;46;72;81;162;247;319;471;530;608;636;664;639;597;519;527;681;829;296;174;315;279;9084
11/12/2022;1;213;185;134;80;58;77;110;146;190;270;400;452;558;506;571;509;524;579;546;454;334;262;175;132;7465
12/12/2022;2;78;60;36;34;39;116;424;867;924;741;651;642;655;680;697;693;728;715;635;623;386;276;182;118;11000
13/12/2022;3;95;54;43;38;56;121;373;915;1052;800;674;669;679;742;818;817;823;656;766;675;415;276;261;154;11972
14/12/2022;4;95;60;47;41;53;111;324;704;43;704;651;640;606;714;732;759;765;761;706;613;276;169;313;187;10074
15/12/2022;5;110;77;57;45;57;120;430;842;948;882;632;662;697;754;702;785;833;716;706;645;409;309;256;193;11867
17/12/2022;7;202;126;86;83;64;87;155;225;289;420;478;554;506;581;615;711;767;573;713;656;404;280;233;238;9046
18/12/2022;1;206;146;122;83;66;57;110;151;168;256;369;449;490;497;488;670;326;258;240;564;402;291;194;151;6754
19/12/2022;2;113;61;37;33;42;106;337;642;757;653;592;648;638;629;627;765;796;700;729;599;403;283;213;151;10554
20/12/2022;3;116;62;34;43;55;111;391;647;780;694;616;705;617;644;721;713;748;660;635;528;371;234;204;140;10469
21/12/2022;4;117;79;47;40;49;109;360;665;796;717;681;646;639;672;787;725;703;730;673;574;381;239;213;185;10827
22/12/2022;5;96;66;48;46;56;120;343;575;715;640;621;687;639;654;692;728;788;699;644;473;404;272;202;183;10391
23/12/2022;6;135;99;62;44;67;104;307;485;639;603;626;654;636;691;599;698;692;663;559;453;379;292;215;174;9876
24/12/2022;7;129;104;82;61;57;77;150;159;237;320;427;458;485;467;491;544;518;540;673;529;326;207;167;193;7401
25/12/2022;1;250;283;203;101;61;55;79;103;98;167;272;406;524;346;393;383;452;521;514;423;329;235;171;178;6547
26/12/2022;2;115;73;40;22;60;86;208;354;440;444;518;578;488;518;528;557;598;525;474;410;313;239;170;139;7897
27/12/2022;3;111;58;60;50;39;92;229;392;505;554;545;580;538;562;607;610;687;570;533;432;331;236;226;158;8705
28/12/2022;4;112;80;44;53;44;86;223;376;511;530;546;585;605;540;610;625;602;767;738;537;347;212;171;167;9111
29/12/2022;5;125;64;44;48;43;97;232;399;493;524;536;568;542;565;662;689;635;676;592;486;455;252;189;187;9103
30/12/2022;6;112;86;57;40;53;100;160;337;454;504;535;550;580;664;647;775;639;639;606;542;368;245;189;188;9070
31/12/2022;7;166;121;95;66;69;73;113;129;202;297;397;450;441;492;453;510;475;477;554;727;411;268;247;219;7452
01/01/2023;1;198;296;281;220;172;109;139;105;110;127;183;286;361;399;365;433;381;423;416;336;278;214;151;130;6113
02/01/2023;2;89;50;40;27;43;100;261;530;630;561;72;564;524;559;650;609;740;825;688;487;369;264;182;121;8985
03/01/2023;3;67;65;26;35;35;129;377;736;897;715;611;642;634;642;679;659;682;651;584;519;371;260;213;117;10346
04/01/2023;4;75;65;36;33;45;120;388;712;898;747;635;641;690;664;705;682;750;676;656;490;396;255;213;122;10694
05/01/2023;5;85;54;49;42;51;141;385;767;972;784;646;716;612;713;701;714;775;684;661;595;379;282;229;151;11188
06/01/2023;6;91;88;56;42;47;137;373;689;939;691;683;678;651;718;715;813;783;719;662;578;482;332;219;201;11387
07/01/2023;7;172;105;89;76;51;87;143;176;305;401;534;585;573;578;539;626;578;616;578;603;399;306;249;254;8623
08/01/2023;1;215;182;130;84;83;62;114;127;169;287;394;446;546;512;560;481;496;541;632;545;339;244;172;129;7490
09/01/2023;2;93;55;40;25;38;111;396;766;1024;766;594;630;635;677;715;741;729;652;699;488;383;273;179;109;10818
10/01/2023;3;82;55;35;45;44;116;397;858;1098;832;761;714;685;764;707;750;826;714;733;503;438;284;219;133;11793
11/01/2023;4;132;56;39;36;49;131;428;838;1119;825;716;684;651;697;520;900;799;760;766;599;439;273;240;145;11842
12/01/2023;5;106;60;36;32;43;135;424;823;978;779;778;668;714;677;690;688;744;717;633;532;428;299;215;155;11354
13/01/2023;6;110;63;59;40;45;128;365;688;906;708;712;659;653;671;729;728;779;803;710;665;489;313;247;231;11501
14/01/2023;7;175;129;93;71;69;86;143;227;359;442;525;560;645;596;590;636;620;616;643;721;490;265;259;258;9218
15/01/2023;1;238;179;114;72;91;60;108;131;188;306;384;505;534;508;521;506;508;549;703;505;325;228;149;146;7558
16/01/2023;2;84;57;41;26;50;107;419;973;1090;962;794;628;627;714;669;672;833;688;707;578;403;250;195;131;11698
17/01/2023;3;80;42;41;32;52;124;435;844;1097;868;708;699;673;724;718;683;780;620;785;563;430;283;203;149;11633
18/01/2023;4;110;51;50;43;44;117;429;765;953;787;685;707;725;767;856;731;808;767;683;599;497;289;222;143;11828
19/01/2023;5;101;57;45;55;62;138;459;741;867;738;312;645;646;705;664;642;692;719;623;520;411;254;196;149;10441
20/01/2023;6;121;64;47;50;61;128;404;719;939;779;713;699;692;686;913;793;796;788;663;677;441;316;247;207;11943
21/01/2023;7;198;140;114;70;71;80;147;232;318;425;523;539;590;519;572;525;582;539;633;567;425;279;233;238;8559
22/01/2023;1;230;176;108;86;61;58;115;145;174;216;337;454;495;493;502;535;491;517;477;440;313;233;160;138;6954
23/01/2023;2;77;46;48;29;46;122;402;817;1000;736;589;607;588;651;711;646;750;713;632;483;332;298;84;125;10532
24/01/2023;3;87;49;35;41;48;119;441;900;1047;858;708;648;693;699;725;715;780;735;671;559;409;276;203;144;11590
25/01/2023;4;97;62;34;39;41;127;403;819;958;972;651;687;668;695;668;751;783;746;695;587;433;273;235;155;11579
26/01/2023;5;129;74;44;54;76;166;531;928;985;753;755;667;663;805;763;793;777;809;722;557;448;303;237;160;12199
27/01/2023;6;107;70;53;47;71;134;365;686;854;729;624;721;629;773;692;750;775;810;768;587;449;322;242;233;11491
28/01/2023;7;179;132;74;73;79;86;175;236;325;456;526;572;561;621;624;584;615;600;748;761;437;320;235;252;9271
29/01/2023;1;250;178;122;113;82;60;113;151;188;278;371;475;542;514;527;546;466;519;569;594;391;260;175;162;7646
31/01/2023;3;74;51;39;37;52;126;409;922;984;774;638;660;677;724;715;709;805;740;682;574;419;286;220;159;11476
01/02/2023;4;92;53;29;32;47;136;413;863;880;840;688;684;701;703;896;847;828;765;774;663;456;302;220;131;12043
02/02/2023;5;88;73;51;51;43;126;450;801;1007;953;705;680;633;705;704;735;800;748;749;603;470;303;221;143;11842
03/02/2023;6;125;81;73;50;74;153;490;862;881;758;649;718;751;738;697;778;794;688;695;574;445;302;243;233;11852
04/02/2023;7;172;106;92;64;70;77;157;226;337;479;520;620;589;620;576;607;666;670;640;650;478;301;235;229;9181
05/02/2023;1;211;163;117;74;69;57;112;143;184;286;399;469;520;508;557;506;450;602;633;444;325;256;171;132;7388
06/02/2023;2;75;62;41;35;48;107;419;819;978;784;632;611;605;694;815;736;833;745;789;561;440;270;206;119;11424
07/02/2023;3;79;40;47;43;55;138;457;924;967;770;616;712;729;681;801;839;819;842;808;684;515;306;242;148;12262
08/02/2023;4;92;60;33;36;42;133;430;832;1043;892;694;697;701;717;861;748;809;752;757;682;641;334;224;204;12414
09/02/2023;5;103;68;49;35;39;123;434;917;899;795;658;644;651;739;30;811;748;842;762;690;410;317;223;28;11015
10/02/2023;6;110;73;51;37;50;131;402;773;905;733;733;644;754;848;700;852;844;635;731;574;471;304;266;199;11820
11/02/2023;7;178;113;98;72;62;82;166;220;346;470;493;567;617;629;675;603;594;645;703;623;440;293;228;223;9140
12/02/2023;1;234;186;102;94;62;60;124;129;213;258;404;485;506;491;537;474;492;576;653;638;388;236;188;118;7648
13/02/2023;2;90;55;37;35;47;118;421;939;961;680;550;607;598;693;708;704;854;803;776;582;413;259;198;130;11258
14/02/2023;3;86;46;29;35;50;126;449;897;1084;950;788;710;645;749;780;756;790;852;757;735;473;268;224;145;12424
15/02/2023;4;141;75;54;46;42;115;441;834;928;808;670;658;718;681;766;683;764;820;787;610;439;319;233;172;11804
16/02/2023;5;94;61;18;43;58;124;426;841;1012;757;654;670;650;709;758;715;758;708;629;605;438;319;205;167;11419
17/02/2023;6;132;78;56;49;47;117;400;759;900;725;670;721;730;790;734;779;805;724;685;544;437;336;272;205;11695
18/02/2023;7;158;117;87;65;73;86;172;233;333;436;525;546;833;576;598;524;580;562;613;632;410;304;255;262;8980
19/02/2023;1;192;135;116;87;72;57;113;155;176;274;337;464;510;470;492;464;481;468;542;502;329;249;180;114;6979
20/02/2023;2;102;48;40;39;48;106;387;644;770;724;559;616;584;669;629;704;713;780;700;574;391;263;190;125;10405
21/02/2023;3;72;60;37;44;47;112;398;713;835;760;620;648;653;707;703;775;789;728;750;578;438;251;158;174;11050
22/02/2023;4;101;62;50;30;43;111;385;735;858;690;692;669;619;661;705;714;729;678;760;601;410;259;209;139;10910
23/02/2023;5;95;73;52;44;43;116;373;652;834;793;637;673;636;610;653;692;693;713;669;534;400;301;216;186;10688
24/02/2023;6;126;85;46;48;53;111;369;634;696;647;618;644;637;673;739;707;684;701;695;546;437;309;222;198;10625
25/02/2023;7;147;111;98;70;57;78;166;225;290;420;480;510;495;513;520;485;469;232;536;490;411;271;235;263;7572
26/02/2023;1;199;146;87;87;66;69;107;154;195;258;334;408;502;444;451;451;504;463;458;439;385;196;193;160;6756
27/02/2023;2;98;58;34;36;45;99;339;636;728;624;595;595;582;615;661;633;696;757;657;489;366;273;194;117;9927
28/02/2023;3;81;58;35;42;42;110;386;734;852;698;579;630;622;687;693;680;761;795;646;507;422;249;200;85;10594
02/03/2023;5;110;60;48;42;51;104;366;704;809;649;610;608;601;626;650;623;661;754;706;584;430;297;217;168;10478
03/03/2023;6;109;70;49;42;49;112;371;593;765;594;637;625;618;664;656;700;771;802;748;592;473;295;235;225;10795
04/03/2023;7;148;118;66;57;74;74;170;205;291;426;503;535;490;478;542;513;530;482;560;204;425;287;233;216;7627
05/03/2023;1;195;134;118;69;59;69;114;164;197;268;365;444;478;485;504;500;478;514;498;454;329;247;166;136;6985
06/03/2023;2;86;49;40;42;47;106;414;829;948;747;675;661;675;681;673;697;756;720;681;533;419;269;223;143;11114
07/03/2023;3;93;42;40;46;48;138;468;780;881;679;648;648;649;691;694;722;722;700;648;545;423;300;255;178;11038
08/03/2023;4;103;72;38;33;53;134;461;911;893;871;699;696;764;780;816;823;738;766;582;680;544;286;195;249;12187
09/03/2023;5;144;77;45;46;51;150;451;935;998;776;645;687;687;736;783;770;881;777;778;627;542;327;244;145;12302
10/03/2023;6;92;76;55;56;52;126;438;933;1017;771;754;738;686;788;793;835;860;706;808;689;651;329;234;219;12706
11/03/2023;7;173;136;93;78;64;71;181;246;337;460;531;653;583;533;565;579;597;562;587;709;535;313;221;265;9072
12/03/2023;1;223;166;128;73;79;59;127;127;227;304;397;480;551;476;541;500;705;546;529;450;334;264;179;99;7564
13/03/2023;2;96;67;52;23;52;117;447;895;1073;817;595;627;585;637;707;701;814;752;639;504;369;264;205;112;11150
14/03/2023;3;77;52;43;36;40;130;482;1010;1076;848;679;693;612;735;743;782;874;907;766;704;477;279;219;145;12409
15/03/2023;4;95;53;39;36;53;131;458;923;964;829;664;715;674;723;746;755;829;769;700;573;391;282;239;161;11802
16/03/2023;5;93;68;52;42;53;139;470;887;1040;823;644;620;608;655;746;848;808;823;743;669;460;327;270;270;12158
17/03/2023;6;169;91;68;44;71;122;597;919;962;779;642;674;663;709;721;785;844;707;728;639;442;295;236;179;12086
18/03/2023;7;170;95;74;61;50;74;185;209;353;431;501;570;552;543;577;633;569;555;595;573;434;296;231;253;8584
19/03/2023;1;199;158;115;82;76;62;133;140;220;296;392;491;537;452;530;454;453;506;489;452;359;269;176;128;7169
20/03/2023;2;92;44;37;36;45;97;439;792;903;761;627;669;607;654;647;713;789;770;621;538;379;281;191;103;10835
21/03/2023;3;76;50;38;49;52;122;465;931;1067;895;730;599;697;744;730;786;802;692;757;600;444;324;256;141;12047
22/03/2023;4;110;55;44;42;52;109;475;800;938;787;627;689;672;675;720;767;814;823;783;612;458;305;226;142;11725
23/03/2023;5;91;72;46;44;60;144;453;836;917;704;647;614;619;678;711;649;776;685;676;484;344;272;208;128;10858
24/03/2023;6;106;57;53;38;54;132;443;743;887;741;624;651;690;752;778;824;695;797;853;546;409;274;261;176;11584
25/03/2023;7;149;90;74;55;57;88;170;231;318;0;461;572;511;562;645;589;594;609;664;510;357;308;307;221;8142
27/03/2023;2;64;36;0;35;56;119;442;770;974;674;608;603;625;730;677;675;823;696;631;122;377;243;195;172;10347
28/03/2023;3;99;62;43;53;52;128;490;901;979;789;589;632;668;637;657;610;777;717;642;556;384;248;224;167;11104
29/03/2023;4;12;56;52;57;55;123;453;763;903;702;654;657;672;698;785;887;659;730;46;625;441;288;262;189;10769
30/03/2023;5;130;68;47;62;66;131;445;807;1026;762;655;619;634;715;694;695;770;767;698;570;421;319;241;219;11561
31/03/2023;6;164;90;59;52;69;138;450;721;928;714;624;652;728;712;748;694;785;787;634;613;423;275;262;254;11576
01/04/2023;7;188;128;110;67;68;85;171;213;320;445;489;563;615;557;584;556;533;586;639;578;428;272;273;299;8767
02/04/2023;1;239;168;126;77;61;50;134;140;172;272;381;447;497;488;520;556;445;556;624;473;302;283;191;206;7408
03/04/2023;2;106;78;37;42;59;108;484;800;1021;725;621;618;581;677;820;755;809;680;661;545;379;303;258;175;11342
04/04/2023;3;106;77;53;51;65;116;449;879;1009;811;714;658;630;670;717;700;782;669;714;579;421;288;272;221;11651
05/04/2023;4;131;99;48;47;51;127;464;756;891;695;612;652;700;731;746;757;802;742;752;681;454;290;261;289;11778
06/04/2023;5;170;98;84;55;76;120;447;767;974;780;660;628;608;715;725;703;785;642;708;551;425;264;285;250;11520
07/04/2023;6;157;97;62;56;63;123;413;656;768;732;729;615;638;644;740;808;878;748;763;757;495;316;263;254;11775
08/04/2023;7;196;133;110;59;67;87;165;196;355;428;493;532;503;534;564;573;49;532;611;592;383;246;237;282;7927
09/04/2023;1;242;154;130;81;82;59;122;119;185;295;391;473;494;386;468;395;411;437;523;489;382;268;241;244;7071
10/04/2023;2;175;131;91;61;53;57;129;154;143;226;292;398;361;363;443;453;407;515;477;438;352;256;211;175;6361
12/04/2023;4;127;65;43;41;52;115;451;895;914;801;629;624;669;690;745;776;884;779;731;544;382;252;235;202;11646
13/04/2023;5;108;65;58;50;60;103;440;839;949;700;590;617;627;664;672;684;708;711;639;563;361;280;259;241;10988
14/04/2023;6;135;88;57;56;65;125;414;687;873;680;622;640;701;665;755;806;866;744;792;768;461;291;246;253;11790
15/04/2023;7;197;126;109;74;73;84;173;232;327;412;501;555;526;562;637;576;564;562;606;745;613;267;285;322;9128
16/04/2023;1;232;191;141;92;74;65;127;142;168;269;402;464;509;493;547;503;530;517;774;742;355;261;237;212;8047
17/04/2023;2;114;75;50;47;58;126;409;714;987;718;645;632;631;668;705;655;749;766;651;519;378;238;211;125;10871
18/04/2023;3;124;64;46;55;60;116;427;867;1040;873;684;665;649;730;729;752;935;783;719;630;469;245;215;194;12071
19/04/2023;4;125;72;54;34;59;119;412;789;932;758;635;669;696;697;755;794;780;795;727;550;447;300;218;186;11603
20/04/2023;5;169;71;51;55;55;130;416;805;1106;829;679;615;681;740;749;775;731;756;711;647;500;289;256;212;12028
21/04/2023;6;161;94;52;52;68;130;383;683;934;663;672;688;649;665;753;772;769;749;707;582;465;336;268;249;11544
22/04/2023;7;181;142;82;32;74;94;207;241;301;413;462;500;492;511;537;569;563;518;559;508;414;322;297;256;8275
23/04/2023;1;242;175;128;86;78;80;143;128;184;288;346;405;503;452;510;451;461;482;528;432;344;286;248;183;7163
24/04/2023;2;120;72;44;36;48;110;375;667;805;703;578;622;536;617;614;619;769;738;709;504;403;279;189;168;10325
26/04/2023;4;133;74;44;43;70;118;386;639;813;664;595;584;541;579;675;667;737;712;729;585;425;328;226;170;10537
27/04/2023;5;44;73;72;44;56;119;371;699;836;693;606;640;608;649;636;688;779;790;737;619;450;295;275;177;10956
28/04/2023;6;143;78;66;45;69;121;349;611;735;629;600;638;705;607;750;736;807;780;630;528;446;341;266;214;10894
29/04/2023;7;185;133;107;59;74;82;173;238;283;350;422;485;473;467;493;476;560;659;625;696;418;281;274;225;8238
30/04/2023;1;190;160;124;65;76;82;121;142;201;298;342;395;456;472;495;466;417;384;679;640;372;278;236;199;7290