Date;Jour;0-1h;1-2h;2-3h;3-4h;4-5h;5-6h;6-7h;7-8h;8-9h;9-10h;10-11h;11-12h;12-13h;13-14h;14-15h;15-16h;16-17h;17-18h;18-19h;19-20h;20-21h;21-22h;22-23h;23-24h;Total
01/05/2022;1;328;234;173;123;115;88;172;145;147;229;401;466;562;519;532;480;547;492;601;578;501;335;312;299;8379
02/05/2022;2;184;131;78;54;64;130;302;508;685;596;619;614;653;650;660;701;783;872;935;794;519;395;337;298;11562
03/05/2022;3;212;107;55;64;59;145;307;442;674;600;611;668;652;754;722;704;789;1032;903;803;612;396;301;278;11890
04/05/2022;4;194;114;75;50;67;142;283;520;705;696;619;648;680;687;720;768;809;961;883;803;614;424;292;287;12041
05/05/2022;5;243;108;78;51;80;147;328;527;706;696;668;761;784;725;721;693;877;339;858;835;599;464;365;301;11954
06/05/2022;6;234;123;77;67;71;154;324;505;695;718;644;720;757;809;832;718;957;886;851;850;626;438;357;346;12759
07/05/2022;7;291;212;155;97;78;136;183;230;338;441;473;536;672;563;628;583;609;546;113;622;490;434;343;399;9172
08/05/2022;1;423;287;184;139;25;110;166;138;165;265;406;535;603;540;501;464;472;515;587;520;445;416;312;266;8484
09/05/2022;2;215;116;63;54;65;140;307;514;702;653;676;678;685;736;783;754;919;1044;947;859;601;452;535;429;12927
10/05/2022;3;272;144;94;53;82;180;316;563;721;687;658;748;784;778;755;794;930;985;973;849;687;439;421;499;13412
11/05/2022;4;337;153;101;72;92;173;302;517;723;749;709;739;798;769;777;755;933;990;936;850;694;442;344;284;13239
12/05/2022;5;223;142;101;60;78;166;327;587;756;744;675;754;771;806;764;799;972;954;1002;849;678;415;306;280;13209
13/05/2022;6;244;174;112;75;97;162;326;569;780;760;724;747;795;862;822;847;907;1009;931;868;617;522;387;322;13659
14/05/2022;7;338;222;150;112;116;120;201;255;374;555;591;630;658;660;689;640;674;650;643;667;549;384;384;409;10671
15/05/2022;1;352;278;207;126;136;128;180;178;237;290;461;535;613;565;512;511;483;528;507;555;490;392;351;246;8861
16/05/2022;2;157;112;57;51;59;152;292;510;731;664;635;653;701;767;707;827;970;941;939;802;664;346;238;198;12173
17/05/2022;3;157;83;76;45;60;181;317;523;757;684;683;698;764;766;803;834;951;995;922;854;667;439;294;264;12817
18/05/2022;4;163;116;89;41;79;167;302;513;742;653;666;698;796;799;829;814;939;988;925;840;678;446;326;249;12858
19/05/2022;5;183;105;53;44;72;189;338;543;776;664;680;688;742;728;806;796;911;974;916;821;693;460;376;298;12856
20/05/2022;6;234;158;89;69;55;164;314;580;537;756;688;717;815;784;790;886;1019;982;945;817;624;441;387;332;13183
22/05/2022;1;345;391;209;137;119;108;169;159;212;296;461;498;568;592;523;503;547;560;561;529;514;443;325;255;9024
23/05/2022;2;179;95;52;42;67;161;300;489;746;670;661;647;770;743;725;799;930;992;915;851;584;354;285;218;12275
24/05/2022;3;170;107;56;22;67;160;341;550;212;717;700;815;800;806;793;889;946;979;971;841;672;424;296;281;12615
25/05/2022;4;216;129;76;50;77;172;286;512;720;641;666;706;803;729;790;832;953;970;899;877;665;504;361;280;12914
26/05/2022;5;249;182;127;67;75;80;156;226;172;331;422;481;522;485;494;493;519;577;588;584;480;371;314;302;8297
27/05/2022;6;238;158;88;60;77;135;266;415;549;598;602;714;686;718;785;658;745;745;724;691;591;387;308;308;11246
28/05/2022;7;245;187;129;102;99;50;204;238;302;447;548;579;613;587;615;566;664;546;548;537;550;413;279;305;9353
31/05/2022;3;150;113;62;47;62;144;307;454;711;646;745;759;732;820;306;845;935;1049;1015;844;691;386;399;293;12515
01/06/2022;4;215;118;90;55;74;157;293;486;725;673;685;700;793;911;820;808;913;989;914;839;716;375;336;294;12979
02/06/2022;5;207;126;94;52;86;170;306;503;635;707;696;715;774;732;764;745;853;912;813;872;698;369;340;276;12445
03/06/2022;6;229;144;97;78;73;195;332;564;797;768;774;755;745;772;815;854;902;999;1002;812;608;451;311;248;13325
04/06/2022;7;315;179;145;84;81;133;195;262;402;512;582;598;613;706;667;641;609;593;466;573;597;390;279;286;9908
05/06/2022;1;312;220;191;116;104;100;186;164;217;307;450;509;596;507;498;493;450;498;564;537;430;328;304;304;8385
06/06/2022;2;262;183;116;74;55;71;186;256;265;317;421;463;501;496;536;562;563;515;632;596;498;342;309;270;8489
07/06/2022;3;187;116;66;52;54;146;300;500;772;708;699;710;721;791;839;748;899;1028;1098;983;675;433;349;284;13158
08/06/2022;4;175;114;91;54;59;172;277;466;725;738;691;686;792;764;812;806;898;980;825;874;659;418;329;221;12626
09/06/2022;5;232;128;86;46;69;156;302;532;795;726;670;705;759;771;810;1012;1084;985;990;982;653;501;341;311;13646
10/06/2022;6;188;132;92;70;81;181;327;510;779;782;745;732;820;808;849;819;890;962;1042;909;686;493;381;353;13631
11/06/2022;7;312;200;155;110;59;138;194;258;379;490;635;613;650;587;637;575;540;623;588;649;572;396;335;404;10099
12/06/2022;1;388;354;244;164;125;127;143;219;214;364;500;584;590;511;516;507;479;497;537;581;502;448;349;309;9252
13/06/2022;2;209;142;64;58;63;143;299;496;708;686;617;602;698;770;723;734;862;876;937;821;597;332;346;277;12060
14/06/2022;3;219;115;72;52;52;167;316;498;874;748;688;732;786;826;839;816;975;971;951;906;674;398;381;297;13353
15/06/2022;4;225;129;73;60;63;188;287;516;721;692;693;701;749;796;769;723;863;13;939;896;601;391;277;255;11620
16/06/2022;5;200;141;77;52;68;158;306;533;715;651;662;696;705;764;733;732;883;994;939;813;670;416;313;280;12501
17/06/2022;6;243;167;115;65;59;179;328;556;776;751;714;774;729;822;800;834;842;860;815;787;618;471;356;349;13010
18/06/2022;7;319;196;151;110;102;141;223;280;402;546;623;598;603;640;604;575;561;577;595;566;496;413;354;379;10054
19/06/2022;1;440;263;233;166;116;123;161;176;201;337;472;570;589;562;515;513;537;529;576;539;454;453;419;325;9269
20/06/2022;2;194;129;79;66;62;143;270;476;749;694;636;727;691;789;727;779;957;978;946;793;619;411;365;268;12548
21/06/2022;3;160;95;64;49;76;174;281;464;672;707;751;767;758;725;820;775;924;1001;988;846;664;426;347;328;12862
22/06/2022;4;267;176;129;119;98;200;338;476;732;726;385;725;797;833;797;805;856;943;967;840;615;429;361;329;12943
23/06/2022;5;260;154;108;58;63;185;316;496;736;675;669;691;723;710;739;774;914;956;814;845;678;484;386;354;12788
24/06/2022;6;290;158;139;78;79;203;323;552;722;677;761;753;690;769;830;826;876;935;792;799;581;425;349;359;12966
25/06/2022;7;327;266;163;134;97;119;197;257;398;496;677;620;648;642;599;600;524;608;569;580;556;424;337;378;10216
26/06/2022;1;334;252;188;144;122;99;149;159;190;287;443;492;552;530;482;502;437;505;503;533;557;428;377;301;8566
27/06/2022;2;221;131;76;68;61;160;267;502;750;628;624;640;692;744;788;743;852;932;938;856;580;412;486;613;12764
28/06/2022;3;454;281;191;167;71;147;326;487;765;684;700;675;771;750;752;747;925;888;913;787;670;528;776;754;14209
29/06/2022;4;558;358;236;159;114;148;311;448;668;616;651;650;760;738;750;717;826;891;899;805;697;723;777;589;14089
30/06/2022;5;438;308;252;169;135;143;296;482;726;674;645;678;712;665;676;758;874;930;855;859;638;762;644;603;13922
01/07/2022;6;445;323;230;162;140;185;331;480;749;727;675;773;760;780;787;773;852;901;866;832;594;439;390;328;13522
02/07/2022;7;341;247;187;115;93;133;195;269;399;423;548;588;594;643;586;620;562;552;610;631;555;415;356;411;10073
03/07/2022;1;407;307;231;150;111;125;164;153;181;312;426;465;605;497;176;505;424;518;495;838;907;510;348;320;9175
04/07/2022;2;224;135;83;55;66;136;284;466;642;572;650;617;587;629;726;709;536;907;895;809;578;424;266;272;11268
05/07/2022;3;204;127;101;55;62;156;319;494;709;680;699;702;751;668;749;749;876;907;908;858;648;454;324;279;12479
06/07/2022;4;237;153;100;68;66;174;295;443;630;621;820;770;663;728;782;738;762;852;906;803;575;460;334;274;12254
07/07/2022;5;247;125;101;51;62;179;317;508;685;654;725;693;680;706;743;743;812;829;791;843;603;386;331;292;12106
08/07/2022;6;230;199;103;64;83;182;290;455;649;660;687;784;749;689;771;692;838;858;863;777;592;419;331;313;12278
09/07/2022;7;345;219;163;106;88;114;206;237;362;432;528;588;559;547;560;487;553;550;540;590;527;365;369;365;9400
11/07/2022;2;225;139;61;52;67;118;276;403;605;229;607;619;677;668;676;722;810;799;776;759;533;391;256;257;10725
12/07/2022;3;225;121;97;55;59;154;297;463;665;665;696;688;730;674;771;739;875;815;830;755;616;404;314;302;12010
13/07/2022;4;223;148;89;52;56;171;272;455;648;687;686;713;693;764;720;754;750;750;814;706;578;410;355;331;11825
14/07/2022;5;259;189;154;88;85;99;173;183;202;280;316;390;431;402;394;395;436;420;468;476;395;381;335;13;6964
15/07/2022;6;306;238;153;90;77;162;278;418;578;633;616;655;633;679;697;656;676;700;635;656;445;337;295;263;10876
16/07/2022;7;246;152;135;101;84;106;180;245;279;388;431;494;501;510;474;509;471;496;494;548;463;345;275;325;8252
17/07/2022;1;279;210;183;109;99;98;144;166;158;255;366;388;449;420;403;407;408;423;469;544;452;360;369;290;7449
18/07/2022;2;274;171;80;68;67;150;278;441;530;569;568;648;711;729;746;848;710;181;798;738;516;360;264;237;10682
19/07/2022;3;197;109;82;58;59;133;296;417;321;619;606;616;677;720;721;656;698;760;828;698;540;376;279;296;10762
20/07/2022;4;242;154;102;53;52;146;259;425;582;596;571;607;656;631;693;634;794;754;745;727;553;408;272;227;10883
21/07/2022;5;204;142;84;35;66;132;291;422;587;671;598;607;705;684;696;642;724;752;802;790;571;415;264;214;11098
22/07/2022;6;193;125;94;60;63;144;267;450;609;626;649;687;715;687;751;744;753;805;674;669;525;351;329;294;11264
24/07/2022;1;308;249;163;114;93;96;138;141;174;261;373;457;499;429;394;445;351;405;500;420;426;441;379;320;7576
25/07/2022;2;261;164;71;67;70;127;257;483;657;648;683;664;585;662;666;618;763;758;809;738;500;372;289;212;11124
26/07/2022;3;195;111;67;43;61;148;296;413;577;662;613;649;642;694;688;652;753;827;889;397;561;331;275;264;10808
27/07/2022;4;205;113;89;63;62;36;257;405;567;578;619;662;623;620;725;678;750;779;823;744;522;360;304;263;10847
28/07/2022;5;191;123;90;63;52;130;296;434;609;608;577;607;624;604;669;649;795;804;833;744;535;375;296;272;10980
29/07/2022;6;229;129;105;66;61;125;267;406;632;616;581;584;627;619;657;657;732;761;698;645;494;349;292;291;10623
30/07/2022;7;257;172;144;93;75;101;147;221;279;377;487;453;529;462;523;424;476;514;526;551;465;352;312;315;8255
31/07/2022;1;256;195;142;106;80;79;124;126;156;224;349;394;457;426;425;417;433;460;487;473;379;371;388;343;7290
01/08/2022;2;220;153;75;59;64;98;244;358;548;508;530;563;599;615;584;555;678;759;744;593;427;299;213;309;9795
02/08/2022;3;191;104;80;41;58;124;287;414;557;576;588;637;602;617;584;610;687;736;776;668;462;360;270;235;10264
03/08/2022;4;196;109;81;46;55;126;266;400;545;626;579;547;610;547;543;551;646;657;744;656;472;349;321;286;9958
04/08/2022;5;217;140;73;50;60;130;247;439;612;567;561;578;570;603;590;618;702;698;783;632;463;326;250;245;10154
05/08/2022;6;177;111;77;40;63;136;232;373;610;569;598;596;655;599;547;591;655;679;654;593;430;327;249;257;9818
06/08/2022;7;206;141;114;74;66;85;163;191;216;295;393;444;68;416;443;405;448;469;445;482;402;339;264;240;6809
07/08/2022;1;235;190;119;71;61;79;132;118;134;172;275;348;443;365;356;358;399;387;427;465;367;390;364;299;6554
08/08/2022;2;248;94;77;51;53;99;220;366;515;539;503;525;481;540;514;530;589;641;634;499;398;285;233;212;8846
09/08/2022;3;150;88;59;58;55;109;242;381;533;517;523;565;524;471;521;598;595;701;643;576;392;307;279;233;9120
10/08/2022;4;170;108;77;47;52;102;225;352;502;521;570;490;534;523;539;495;551;625;628;619;418;276;276;211;8911
11/08/2022;5;140;112;71;53;57;82;246;401;554;514;545;527;558;534;519;511;566;597;610;526;397;310;259;255;8944
12/08/2022;6;173;112;74;35;46;101;247;354;530;484;554;535;527;526;514;571;626;574;568;689;358;300;259;226;8983
13/08/2022;7;69;104;98;76;81;77;144;161;216;270;361;363;384;367;385;352;360;350;441;413;362;315;240;281;6270
14/08/2022;1;270;197;163;113;65;83;115;102;133;164;263;356;335;332;325;319;313;327;412;345;338;321;257;279;5927
15/08/2022;2;333;181;113;69;37;46;99;154;166;166;278;296;374;346;324;358;366;357;413;422;337;303;265;224;6027
16/08/2022;3;173;96;64;36;53;83;226;427;501;505;495;558;544;543;575;555;592;640;657;382;408;289;217;211;8830
17/08/2022;4;135;80;49;36;57;75;226;385;554;469;527;498;546;533;493;543;623;636;702;520;389;288;279;213;8856
18/08/2022;5;167;77;70;45;58;105;243;410;528;503;491;536;493;510;555;568;621;630;719;605;378;310;328;347;9297
19/08/2022;6;243;109;73;48;60;109;232;353;547;507;530;603;537;605;558;563;605;647;601;560;389;303;270;257;9309
21/08/2022;1;239;141;125;75;59;90;121;106;126;211;309;394;386;384;353;412;383;390;435;409;389;424;337;308;6606
22/08/2022;2;189;90;47;43;48;101;251;419;532;455;482;546;588;622;599;565;656;711;732;582;369;319;223;230;9399
23/08/2022;3;147;83;42;41;65;93;241;404;614;549;612;582;562;630;559;670;705;753;770;597;483;306;249;215;9972
24/08/2022;4;150;96;63;41;61;110;245;431;556;497;564;490;429;615;656;596;677;668;747;665;489;328;313;238;9725
25/08/2022;5;178;113;60;38;58;128;244;436;547;533;567;634;602;553;609;608;708;700;721;683;525;310;258;240;10053
26/08/2022;6;184;111;64;60;44;125;255;412;588;628;567;599;638;666;695;650;705;774;711;655;471;373;298;291;10564
27/08/2022;7;225;154;107;81;65;103;144;205;296;373;456;536;517;494;492;466;529;481;527;573;411;362;352;315;8264
28/08/2022;1;334;204;151;104;92;86;134;134;143;248;367;443;508;465;467;399;449;440;450;501;437;434;350;336;7676
29/08/2022;2;238;108;85;58;59;124;253;402;586;563;563;608;633;667;682;666;716;800;788;772;567;360;285;259;10842
30/08/2022;3;192;91;59;47;60;134;286;495;607;602;630;679;719;705;760;678;789;894;799;763;588;396;346;357;11676
31/08/2022;4;226;122;78;54;62;122;290;492;613;592;638;694;689;678;721;734;792;883;947;792;574;363;390;283;11829
01/09/2022;5;201;113;76;44;67;131;273;478;621;675;617;634;668;702;772;701;862;943;955;753;564;394;351;281;11876
02/09/2022;6;191;126;82;70;72;128;293;455;661;625;750;720;724;763;785;702;898;962;837;769;618;387;343;281;12242
03/09/2022;7;243;182;133;90;79;125;179;231;324;464;520;554;585;530;567;576;590;528;516;546;489;403;332;352;9138
04/09/2022;1;312;264;141;126;78;101;145;126;221;283;419;540;542;564;489;473;495;495;505;500;486;489;383;280;8457
05/09/2022;2;214;114;78;52;54;130;279;467;736;654;694;690;749;762;729;805;876;975;989;894;536;389;268;224;12358
06/09/2022;3;139;93;64;45;52;154;272;488;769;683;702;727;683;268;744;790;924;980;955;860;694;416;295;268;12065
07/09/2022;4;221;130;66;53;51;125;278;529;758;676;706;755;810;781;791;823;876;922;1028;825;571;384;301;237;12697
08/09/2022;5;151;94;84;47;70;141;286;513;723;659;641;678;718;774;704;733;853;921;1000;920;671;421;302;279;12383
09/09/2022;6;228;116;92;53;78;146;291;529;853;719;708;711;767;827;746;791;895;915;940;750;558;395;360;297;12765
10/09/2022;7;255;163;108;109;77;111;167;260;378;464;557;598;547;627;645;614;672;667;657;685;604;432;337;300;10034
11/09/2022;1;292;261;195;122;116;76;148;148;202;307;470;544;570;579;550;510;458;465;504;560;470;416;362;270;8595
12/09/2022;2;178;120;61;47;48;119;250;482;767;635;576;707;745;790;697;776;886;940;969;863;629;382;300;301;12268
13/09/2022;3;189;122;69;57;75;145;291;525;803;747;666;758;740;800;796;756;930;965;1010;942;645;401;320;339;13091
14/09/2022;4;204;115;67;57;76;147;276;508;745;720;683;773;823;780;797;776;864;1006;901;905;597;414;387;362;12983
15/09/2022;5;204;146;87;52;78;155;270;526;769;643;699;715;744;762;767;763;896;969;1039;920;612;478;545;424;13263
16/09/2022;6;271;146;110;66;74;147;298;508;848;754;734;802;770;813;980;1052;938;838;942;796;640;466;369;318;13680
17/09/2022;7;251;197;137;101;87;106;189;250;382;486;599;597;615;583;534;611;603;627;617;576;465;401;421;367;9802
18/09/2022;1;339;258;183;117;103;96;172;178;233;330;451;518;540;515;457;468;469;534;513;607;454;400;333;247;8515
19/09/2022;2;146;83;68;43;41;104;262;500;752;625;689;661;708;743;746;809;873;962;974;876;627;409;496;286;12483
20/09/2022;3;148;99;61;47;59;121;258;493;797;709;713;688;735;731;757;804;940;986;920;892;638;404;414;346;12760
21/09/2022;4;167;105;57;44;58;153;269;479;734;656;713;734;755;750;805;810;911;982;916;358;654;407;317;251;12085
22/09/2022;5;176;89;51;49;48;133;280;510;771;686;612;682;677;724;754;777;911;985;928;794;587;415;341;282;12262
23/09/2022;6;191;106;74;54;69;144;301;517;812;770;759;773;804;894;806;784;860;900;912;839;583;388;346;326;13012
24/09/2022;7;264;194;126;102;97;134;205;286;364;567;529;557;712;727;686;636;679;661;636;647;568;444;335;329;10485
25/09/2022;1;325;256;157;120;62;93;169;168;229;316;526;588;623;557;577;526;581;576;697;667;459;390;294;271;9227
26/09/2022;2;147;92;43;42;52;136;292;468;693;636;625;702;703;764;700;328;866;970;952;843;609;347;200;164;11374
27/09/2022;3;98;60;45;31;51;136;277;472;747;683;714;718;728;767;760;763;923;996;923;866;638;517;697;494;13104
28/09/2022;4;435;302;217;172;103;148;293;471;739;697;705;778;773;769;807;772;959;1019;1075;953;724;463;355;330;14059
29/09/2022;5;226;92;78;58;78;157;274;514;744;716;730;783;698;754;786;836;919;978;924;894;677;478;290;213;12897
01/10/2022;7;307;197;153;103;98;137;182;234;359;537;615;593;604;658;700;703;655;693;579;543;542;479;403;346;10420
02/10/2022;1;349;277;183;142;127;104;152;136;207;337;458;557;632;553;514;559;495;603;702;569;459;419;303;241;9078
03/10/2022;2;165;104;67;40;66;142;291;463;730;778;702;750;747;823;787;762;939;986;979;914;645;389;301;230;12800
04/10/2022;3;152;83;73;63;56;171;285;484;768;719;768;760;826;873;881;854;1001;1067;1009;904;656;368;330;214;13365
05/10/2022;4;178;105;58;43;60;174;286;499;710;694;742;745;843;779;840;849;888;956;919;881;662;373;389;314;12987
06/10/2022;5;188;90;81;71;64;157;269;518;705;723;749;715;750;841;823;795;973;1027;969;941;707;452;390;310;13308
07/10/2022;6;221;134;91;66;75;180;281;543;781;701;773;748;775;818;856;808;918;952;925;810;662;445;377;357;13297
09/10/2022;1;352;240;187;148;133;105;187;160;227;322;455;525;616;560;522;479;545;520;554;600;444;338;228;218;8665
10/10/2022;2;139;89;74;55;53;162;251;482;745;607;625;436;704;740;754;723;821;945;953;753;499;337;238;187;11372
11/10/2022;3;142;83;38;42;62;164;274;446;769;721;710;787;822;806;811;825;864;927;896;934;643;406;294;25;12491
12/10/2022;4;193;102;73;49;74;181;472;701;719;656;755;759;899;752;768;808;864;900;917;861;603;355;295;197;12953
13/10/2022;5;168;98;64;39;63;171;314;524;743;771;739;735;752;763;703;746;844;926;889;769;538;372;275;223;12229
14/10/2022;6;151;131;75;59;85;180;309;509;784;668;698;714;720;816;788;802;815;842;878;775;568;378;322;309;12376
15/10/2022;7;272;184;136;109;93;131;203;278;357;426;545;624;666;682;691;580;571;599;604;624;519;447;332;332;10005
16/10/2022;1;304;232;185;140;106;107;175;146;265;326;446;504;521;553;465;524;504;505;541;557;449;311;234;234;8334
17/10/2022;2;162;91;52;57;54;158;298;457;683;609;645;780;750;745;806;798;837;911;930;750;508;366;272;203;11922
18/10/2022;3;152;102;63;37;69;149;265;483;815;699;733;709;734;732;676;710;848;866;949;776;597;405;296;286;12151
19/10/2022;4;171;102;67;49;81;167;298;458;656;654;699;714;776;808;795;817;1063;874;941;807;596;387;303;256;12539
20/10/2022;5;189;84;57;51;66;159;290;474;716;663;628;680;687;806;774;766;849;1035;968;797;645;425;336;275;12420
21/10/2022;6;202;117;50;67;78;172;298;470;772;680;672;704;730;835;772;818;890;957;895;747;616;366;336;349;12593
23/10/2022;1;306;239;194;133;107;117;157;155;231;266;400;475;573;490;545;560;541;578;541;557;485;365;275;232;8522
24/10/2022;2;178;108;79;40;58;136;288;465;664;642;114;654;741;752;727;713;842;974;940;807;622;366;271;206;11387
25/10/2022;3;154;79;54;40;62;174;302;460;700;667;664;723;693;782;774;823;928;946;942;881;619;376;275;236;12354
27/10/2022;5;228;110;91;52;63;167;252;446;629;547;628;693;745;704;748;790;889;952;912;851;653;442;380;329;12301
28/10/2022;6;238;144;94;67;75;154;275;453;700;655;646;697;774;780;793;725;842;897;812;710;606;440;366;322;12265
29/10/2022;7;272;183;146;86;93;138;213;223;314;408;506;569;556;500;538;587;557;563;530;613;466;406;302;335;9104
30/10/2022;1;314;226;108;102;87;111;155;149;203;329;414;421;463;442;499;441;466;534;567;496;407;317;248;250;7749
01/11/2022;3;205;187;147;105;92;112;161;191;258;318;425;474;538;508;537;532;538;585;554;572;410;341;261;225;8276
02/11/2022;4;146;72;54;42;74;159;292;429;620;652;649;646;676;691;697;746;824;872;841;783;591;340;251;267;11414
03/11/2022;5;192;94;48;51;63;169;306;433;703;600;594;622;682;696;686;722;865;887;900;808;613;384;285;259;11662
04/11/2022;6;190;119;88;54;68;158;312;458;702;657;714;695;711;792;774;794;854;856;842;720;552;373;314;305;12102
05/11/2022;7;267;166;121;98;97;113;193;218;348;449;569;616;634;551;651;650;586;601;584;601;502;373;345;337;9670
06/11/2022;1;308;236;160;103;97;108;151;175;216;292;408;500;530;500;468;522;547;499;595;524;402;320;238;210;8109
07/11/2022;2;134;65;46;32;50;147;284;522;735;627;626;644;737;781;780;817;964;1032;993;898;594;368;271;232;12379
08/11/2022;3;139;88;54;37;76;171;294;509;736;688;731;748;760;805;743;814;972;1150;1027;901;644;409;329;232;13057
09/11/2022;4;169;103;74;48;70;172;284;476;675;623;641;646;762;836;814;681;845;869;883;841;601;474;324;254;12165
10/11/2022;5;194;111;83;46;103;174;251;539;813;703;644;643;709;741;786;821;870;918;931;847;695;528;370;330;12850
11/11/2022;6;282;173;138;96;72;88;150;203;251;382;452;524;620;591;525;571;577;573;621;573;505;359;298;312;8936
13/11/2022;1;195;222;156;99;88;108;172;148;234;283;439;465;524;501;487;512;467;533;781;543;481;355;298;216;8307
14/11/2022;2;157;91;52;44;58;150;291;452;693;641;754;751;769;823;824;896;922;1034;938;843;622;386;350;297;12838
15/11/2022;3;191;93;76;40;71;168;289;522;779;708;724;776;698;779;780;884;990;953;979;848;682;437;421;361;13249
16/11/2022;4;253;146;98;61;84;171;302;472;702;678;641;762;896;876;827;798;898;875;876;850;638;382;296;209;12791
17/11/2022;5;145;89;61;40;60;147;289;465;721;673;623;647;730;786;794;799;942;962;930;900;596;402;285;239;12325
18/11/2022;6;198;131;67;59;56;157;298;493;801;683;716;756;847;840;792;789;910;945;1013;826;642;355;355;164;12893
19/11/2022;7;278;201;140;102;86;139;178;264;412;500;605;602;688;691;728;650;661;650;638;720;508;398;350;380;10569
20/11/2022;1;357;226;190;117;113;99;150;129;223;283;414;521;620;599;539;504;550;594;594;563;478;349;251;187;8650
21/11/2022;2;154;72;56;34;64;133;275;448;671;691;703;721;688;815;729;725;849;971;889;832;623;317;266;232;11958
22/11/2022;3;138;94;56;36;69;162;294;481;724;674;731;759;807;833;793;813;990;1019;912;890;620;337;344;271;12847
23/11/2022;4;182;104;64;42;70;152;270;467;717;672;683;613;759;822;817;867;945;838;835;871;637;410;295;220;12352
24/11/2022;5;171;92;77;52;66;160;278;494;758;670;608;622;657;772;790;741;943;959;901;857;597;401;335;281;12282
25/11/2022;6;219;114;79;59;68;161;298;486;794;700;698;715;767;801;815;832;899;895;843;805;606;420;349;295;12718
26/11/2022;7;281;170;113;82;94;119;172;265;389;524;594;679;687;689;756;634;706;613;574;605;491;375;336;362;10310
27/11/2022;1;331;263;190;104;99;102;156;155;203;274;460;481;583;552;518;541;503;566;560;723;440;328;271;221;8624
28/11/2022;2;150;93;56;39;53;136;273;454;697;645;690;651;774;804;744;792;870;987;914;780;531;285;306;210;11934
30/11/2022;4;195;107;66;56;57;155;246;477;696;684;693;503;788;833;775;815;811;928;921;823;624;357;285;268;12163
01/12/2022;5;154;87;60;46;47;176;271;489;710;712;693;717;754;796;778;796;904;907;909;909;627;381;328;274;12525
02/12/2022;6;184;27;67;58;67;177;278;525;826;714;739;698;780;958;803;849;827;924;841;711;589;373;354;337;12706
03/12/2022;7;266;203;103;95;78;119;204;248;419;455;600;635;663;660;717;24;658;615;596;646;537;374;356;358;9629
04/12/2022;1;341;259;164;111;101;96;160;152;202;296;465;512;574;545;578;572;527;499;594;561;444;339;300;188;8580
05/12/2022;2;128;78;41;39;52;141;295;431;691;739;642;655;699;804;754;784;992;1057;913;848;567;352;305;205;12212
06/12/2022;3;170;79;72;41;65;181;280;509;734;725;686;716;770;837;834;776;952;942;901;860;670;354;344;253;12751
07/12/2022;4;165;96;74;52;52;172;294;445;638;721;683;713;734;771;793;793;902;938;843;897;613;416;307;254;12366
08/12/2022;5;194;103;74;61;61;166;298;493;734;712;700;703;790;740;756;831;923;982;916;805;628;399;306;302;12677
09/12/2022;6;208;136;101;58;70;170;294;510;746;680;716;667;736;834;785;901;916;824;841;797;571;384;290;328;12563
10/12/2022;7;270;161;119;85;90;116;207;226;389;517;646;660;683;645;683;695;657;575;651;641;447;283;344;357;10147
11/12/2022;1;340;239;163;119;101;111;160;131;245;283;441;492;610;532;521;509;537;578;631;526;464;349;288;206;8576
12/12/2022;2;152;88;55;42;57;126;269;483;706;661;721;672;765;766;713;784;977;1010;972;818;635;369;286;347;12474
13/12/2022;3;183;92;62;48;61;155;300;449;729;833;810;724;847;824;830;965;992;1128;1020;872;668;355;316;252;13515
14/12/2022;4;170;90;60;47;61;149;297;461;48;637;665;713;752;823;795;826;892;871;899;865;384;201;369;289;11364
15/12/2022;5;188;125;72;53;70;157;306;480;727;695;628;663;740;747;744;857;959;957;843;778;639;395;306;305;12434
17/12/2022;7;297;192;97;100;90;126;183;254;305;445;596;613;605;628;632;557;577;564;607;625;505;404;311;297;9610
18/12/2022;1;262;253;151;104;77;87;140;147;179;272;436;485;550;527;531;684;440;318;268;512;531;391;294;240;7879
19/12/2022;2;157;101;53;43;57;131;238;363;595;591;617;608;686;679;724;729;818;883;771;757;587;325;265;238;11016
20/12/2022;3;169;85;54;50;67;131;272;412;608;644;631;666;659;704;691;764;898;809;843;713;550;406;293;267;11386
21/12/2022;4;204;111;59;56;69;156;258;393;571;657;655;672;703;728;708;765;755;802;803;738;555;405;285;279;11387
22/12/2022;5;182;87;73;61;71;128;253;354;544;642;645;659;720;654;744;716;772;737;764;719;575;385;298;254;11037
23/12/2022;6;233;133;77;70;62;153;279;414;570;602;638;738;696;707;787;777;855;683;693;633;446;342;295;293;11176
24/12/2022;7;200;139;100;89;69;122;159;172;299;387;471;554;523;542;567;501;546;590;597;647;404;236;217;242;8373
25/12/2022;1;299;340;225;129;69;54;113;91;104;148;287;404;552;510;370;402;416;490;577;475;471;376;276;223;7401
26/12/2022;2;110;113;57;40;53;87;208;320;430;455;559;540;526;570;575;631;604;680;707;593;418;340;232;213;9061
27/12/2022;3;168;96;67;49;54;118;231;388;510;568;549;592;582;648;683;676;666;805;763;689;463;335;278;279;10257
28/12/2022;4;178;108;71;58;62;107;227;364;536;544;577;635;585;668;647;659;709;676;730;645;456;291;255;258;10046
29/12/2022;5;196;116;70;56;51;106;249;391;505;567;601;614;617;640;665;650;735;708;709;617;466;312;272;251;10164
30/12/2022;6;192;149;71;62;62;121;198;348;517;534;555;579;612;616;613;697;696;626;618;520;478;318;305;294;9781
31/12/2022;7;244;157;133;74;91;113;164;138;224;291;430;502;489;524;537;555;555;533;559;632;576;371;290;229;8411
01/01/2023;1;237;302;359;272;243;186;189;159;118;140;190;280;435;409;396;330;412;452;504;415;401;282;228;193;7132
02/01/2023;2;128;87;54;40;54;107;228;393;612;582;80;543;494;630;647;716;684;809;839;688;480;361;218;185;9659
03/01/2023;3;127;80;56;44;56;166;283;509;757;658;696;717;701;763;706;779;874;1031;959;806;520;356;243;198;12085
04/01/2023;4;123;86;63;42;58;169;271;477;715;644;658;705;812;834;780;745;902;1022;925;814;547;317;305;210;12224
05/01/2023;5;156;80;62;42;73;137;272;504;810;671;669;721;734;781;745;837;965;983;952;845;600;388;286;259;12572
06/01/2023;6;178;125;88;44;75;161;290;557;825;743;730;781;810;880;791;858;934;970;895;815;670;409;300;291;13220
07/01/2023;7;232;184;131;82;79;116;167;197;314;437;574;608;641;670;696;600;647;607;603;628;521;351;320;339;9744
08/01/2023;1;328;240;156;114;109;88;150;127;187;265;445;514;623;542;559;561;565;568;601;529;418;347;261;203;8500
09/01/2023;2;152;82;54;37;53;153;253;462;725;697;691;657;749;778;801;763;917;1038;947;789;578;339;246;174;12135
10/01/2023;3;136;95;39;41;47;171;275;503;821;741;660;712;736;785;775;787;894;1058;886;861;653;375;308;265;12624
11/01/2023;4;161;83;61;38;68;158;291;475;699;651;679;726;828;894;545;784;893;940;937;847;590;376;311;255;12290
12/01/2023;5;200;109;62;42;76;162;294;503;732;642;662;693;721;752;825;807;945;939;956;873;612;399;291;285;12582
13/01/2023;6;200;126;92;48;67;171;303;489;811;710;738;778;779;889;817;843;898;869;975;720;683;390;310;315;13021
14/01/2023;7;251;180;131;76;83;116;162;237;333;474;518;656;688;584;672;643;611;580;600;647;545;383;343;307;9820
15/01/2023;1;314;238;172;107;124;97;150;131;198;279;401;494;651;569;519;549;551;566;606;520;453;320;254;212;8475
16/01/2023;2;141;92;54;44;47;147;267;450;691;642;622;629;682;775;715;753;970;1054;917;907;575;358;263;229;12024
17/01/2023;3;145;69;54;52;57;153;270;543;747;712;713;735;722;787;755;781;954;923;886;937;645;332;345;237;12554
18/01/2023;4;129;79;64;53;65;173;303;482;737;714;702;662;768;755;758;821;881;953;870;830;566;407;311;249;12332
19/01/2023;5;159;113;79;60;76;181;278;549;847;733;336;682;732;774;720;749;852;875;906;763;642;365;262;247;11980
20/01/2023;6;170;113;69;48;69;176;275;493;794;736;727;741;742;828;795;829;860;990;842;782;598;428;351;273;12729
21/01/2023;7;249;181;148;89;95;115;200;227;357;472;584;615;636;656;638;651;619;645;637;598;516;409;317;349;10003
22/01/2023;1;301;232;183;93;98;88;154;146;199;211;405;461;608;538;527;527;516;537;577;541;451;327;238;184;8142
23/01/2023;2;131;82;48;44;38;141;261;493;738;641;624;648;750;760;722;711;909;940;948;882;583;329;112;209;11744
24/01/2023;3;138;93;56;43;62;179;287;489;705;684;631;727;746;855;817;810;933;974;962;872;548;408;294;217;12530
25/01/2023;4;156;96;62;31;66;172;286;459;684;658;686;709;805;809;771;752;865;901;887;717;612;397;291;258;12130
26/01/2023;5;190;94;51;43;50;155;274;508;807;647;609;668;743;774;798;769;899;881;863;756;606;430;303;254;12172
27/01/2023;6;187;122;70;49;72;163;284;534;784;726;717;761;744;853;797;823;898;925;860;727;634;455;347;329;12861
28/01/2023;7;283;194;134;84;99;129;171;249;385;475;566;649;645;657;678;672;673;691;737;644;592;421;343;362;10533
29/01/2023;1;363;226;175;122;88;103;161;151;193;290;428;500;615;593;535;529;510;545;548;584;458;373;245;231;8566
31/01/2023;3;166;81;63;33;58;162;294;489;797;757;710;726;713;757;809;781;940;952;881;790;599;367;302;219;12446
01/02/2023;4;162;76;62;59;69;178;277;512;728;880;698;704;798;792;794;827;890;969;822;806;620;350;298;260;12631
02/02/2023;5;198;102;64;66;64;168;293;502;793;677;626;663;708;683;728;768;893;913;861;830;518;415;297;241;12071
03/02/2023;6;168;119;89;60;78;166;288;546;837;701;625;667;751;851;830;866;943;908;869;728;578;405;309;279;12661
04/02/2023;7;236;187;123;84;98;107;166;248;356;511;590;638;663;676;684;719;664;597;582;843;574;326;319;315;10306
05/02/2023;1;299;243;177;142;102;114;154;148;177;262;436;489;611;534;561;519;482;509;586;536;454;312;266;164;8277
06/02/2023;2;131;79;54;30;50;141;243;480;725;664;641;661;705;750;688;711;937;956;907;824;577;354;256;208;11772
07/02/2023;3;141;75;72;41;65;164;289;486;790;803;685;773;788;750;811;804;933;912;908;810;640;408;319;227;12694
08/02/2023;4;154;85;51;56;61;178;311;521;736;681;684;647;790;861;1028;851;909;874;1013;926;853;405;333;287;13295
09/02/2023;5;162;102;61;49;54;159;288;505;790;639;666;673;674;836;25;841;895;956;897;875;657;407;304;60;11575
10/02/2023;6;188;114;68;58;71;176;272;498;807;704;755;729;757;794;788;852;990;753;918;721;598;369;326;308;12614
11/02/2023;7;237;167;120;105;78;140;187;247;358;477;583;662;659;613;754;616;669;656;593;648;555;384;364;334;10206
12/02/2023;1;315;250;172;124;90;96;144;146;232;296;434;505;572;553;519;498;535;488;534;525;435;322;282;185;8252
13/02/2023;2;142;90;48;31;63;145;236;453;721;623;629;678;635;764;773;704;924;982;795;804;563;353;244;184;11584
14/02/2023;3;153;74;46;47;57;153;277;481;774;660;736;736;683;746;722;729;889;953;938;904;744;382;279;235;12398
15/02/2023;4;196;123;76;47;74;173;272;486;704;720;676;681;722;808;779;750;864;884;885;851;598;388;283;274;12314
16/02/2023;5;195;119;18;41;66;177;281;483;752;729;675;701;721;798;805;761;892;935;902;830;613;404;338;247;12483
17/02/2023;6;195;120;82;52;69;168;248;531;789;706;693;682;763;817;763;780;861;921;827;732;564;393;317;294;12367
18/02/2023;7;242;174;149;86;86;129;202;219;357;466;553;568;581;621;618;601;642;625;589;588;490;395;294;307;9582
19/02/2023;1;287;258;157;127;105;103;153;147;198;272;354;458;553;500;466;458;487;485;527;584;401;371;271;183;7905
20/02/2023;2;129;96;69;38;48;125;238;478;634;637;564;582;651;697;716;695;813;804;816;777;493;346;267;218;10931
21/02/2023;3;131;74;46;30;60;149;272;444;648;656;652;725;789;730;787;690;843;830;825;803;605;331;285;221;11626
22/02/2023;4;172;91;69;34;60;156;277;437;598;649;630;652;669;749;717;748;785;798;827;748;556;372;284;279;11357
23/02/2023;5;182;85;60;37;60;164;287;464;642;645;629;680;680;752;787;677;832;818;896;737;572;398;307;247;11638
24/02/2023;6;189;122;64;49;69;173;232;407;634;647;669;750;723;738;826;853;922;812;738;649;544;391;298;251;11750
25/02/2023;7;233;172;141;94;78;122;189;234;290;377;508;551;559;557;612;498;562;247;540;574;498;375;329;303;8643
26/02/2023;1;290;202;143;104;86;107;157;153;176;265;346;453;477;466;452;462;477;500;499;535;494;333;256;238;7671
27/02/2023;2;148;83;68;48;43;139;245;450;636;615;610;576;631;680;678;657;713;817;797;736;463;328;254;183;10598
28/02/2023;3;113;80;48;48;61;166;243;426;618;632;632;640;727;799;749;736;799;926;833;823;560;326;270;120;11375
02/03/2023;5;166;85;63;43;61;140;261;439;682;607;675;646;638;699;726;675;815;824;860;727;552;388;287;248;11307
03/03/2023;6;198;86;81;61;62;159;256;470;697;645;625;701;636;777;733;693;837;873;781;680;522;402;327;282;11584
04/03/2023;7;225;164;117;80;84;106;162;211;328;436;524;585;546;581;553;565;561;570;556;250;506;347;319;291;8667
05/03/2023;1;311;209;163;86;89;90;141;137;198;252;402;492;476;522;501;496;499;551;576;479;431;363;232;196;7892
06/03/2023;2;134;78;64;40;44;136;221;437;698;671;649;699;726;753;714;759;888;1038;923;821;624;375;274;201;11967
07/03/2023;3;151;79;71;54;53;166;306;486;865;734;695;766;763;800;788;756;891;928;887;774;598;419;284;205;12519
08/03/2023;4;151;91;66;45;74;175;272;454;673;734;705;768;737;782;778;753;791;838;874;807;675;401;299;292;12235
09/03/2023;5;234;115;75;53;76;170;302;509;725;700;668;695;781;895;853;802;935;911;902;794;593;411;330;259;12788
10/03/2023;6;209;120;76;56;77;174;296;471;738;652;641;664;733;784;746;777;929;907;828;765;714;407;332;260;12356
11/03/2023;7;259;169;129;87;94;120;203;248;364;487;614;659;621;620;648;672;634;655;631;632;534;394;327;306;10107
12/03/2023;1;297;264;168;128;112;101;158;167;230;280;429;495;580;579;546;528;542;581;523;496;457;368;238;180;8447
13/03/2023;2;154;78;56;46;54;121;280;469;710;662;627;675;665;738;752;680;928;971;888;782;567;342;311;288;11844
14/03/2023;3;175;103;57;47;68;142;278;514;755;680;731;699;652;788;724;751;914;950;970;854;591;367;413;346;12569
15/03/2023;4;167;82;57;56;60;181;295;484;763;691;632;668;726;699;771;847;874;953;855;801;588;433;259;201;12143
16/03/2023;5;162;98;62;37;68;146;294;491;784;685;667;688;702;767;700;723;927;957;930;836;585;412;285;236;12242
17/03/2023;6;165;100;68;59;79;163;310;494;728;645;659;667;709;846;791;793;956;904;833;688;550;392;301;269;12169
18/03/2023;7;239;153;134;84;72;125;178;245;362;482;574;606;591;647;679;640;642;599;549;549;491;375;357;330;9703
19/03/2023;1;270;219;177;100;102;111;144;146;271;299;435;491;564;459;535;493;485;481;514;502;450;351;241;212;8052
20/03/2023;2;121;83;49;37;49;134;259;492;743;646;656;656;685;735;719;734;888;985;884;806;578;360;224;193;11716
21/03/2023;3;160;88;54;62;54;154;292;512;786;741;730;720;767;768;758;786;838;976;967;846;663;413;287;245;12667
22/03/2023;4;166;87;75;41;60;166;299;526;641;677;634;675;756;762;816;765;880;939;896;837;615;376;262;234;12185
23/03/2023;5;180;95;73;50;68;160;251;508;759;711;693;739;730;768;782;771;887;938;935;787;527;377;301;232;12322
24/03/2023;6;164;91;58;56;73;172;289;502;759;702;671;688;776;860;750;763;873;881;878;706;593;331;275;247;12158
25/03/2023;7;251;156;123;75;94;103;159;245;380;0;530;587;620;729;696;721;681;653;611;616;465;358;372;303;9528
27/03/2023;2;101;63;1;36;65;127;272;464;709;650;676;649;675;791;749;719;899;965;945;194;522;340;319;326;11257
28/03/2023;3;214;116;63;52;67;168;281;481;780;720;690;715;776;767;800;711;929;992;950;816;512;350;365;242;12557
29/03/2023;4;4;117;62;46;67;180;307;449;722;721;668;666;776;774;836;777;937;916;58;846;524;449;685;658;12245
30/03/2023;5;416;326;222;170;150;164;263;507;726;693;646;713;744;794;798;718;898;926;946;926;605;537;692;601;14181
31/03/2023;6;577;378;271;205;122;169;291;491;760;678;698;782;730;753;779;808;958;932;938;818;583;366;335;319;13741
01/04/2023;7;261;174;148;101;81;117;175;238;385;442;590;637;666;670;644;725;729;718;590;581;439;333;298;364;10106
02/04/2023;1;350;281;179;114;88;88;152;164;206;285;436;476;534;528;542;505;495;539;613;516;468;346;242;245;8392
03/04/2023;2;190;107;66;45;60;141;269;484;730;657;709;670;678;665;787;701;1006;931;999;836;579;354;290;270;12224
04/04/2023;3;169;114;72;65;63;148;250;499;692;685;705;745;710;721;793;767;880;959;934;893;599;403;388;310;12564
05/04/2023;4;195;95;54;56;58;181;277;470;686;671;694;699;751;827;801;813;905;937;955;884;633;430;665;626;13363
06/04/2023;5;345;157;94;85;75;152;284;489;680;645;648;710;724;756;704;787;853;875;814;834;627;346;592;559;12835
07/04/2023;6;368;169;103;73;74;169;297;470;728;660;654;695;732;856;785;845;953;839;772;798;621;447;361;326;12795
08/04/2023;7;296;164;134;99;80;115;171;233;336;457;525;546;616;536;643;664;61;564;609;580;522;315;299;307;8872
09/04/2023;1;316;207;161;118;89;99;152;119;154;285;418;449;632;520;455;427;468;491;523;492;468;365;328;326;8062
10/04/2023;2;248;166;125;67;67;74;136;147;153;238;328;397;470;444;485;464;512;497;534;495;392;329;317;280;7365
12/04/2023;4;154;102;59;52;70;155;248;447;684;649;633;665;762;805;810;817;850;993;922;845;547;324;306;253;12152
13/04/2023;5;193;107;75;54;77;148;270;503;680;664;669;668;707;751;757;761;872;940;913;816;583;356;329;302;12195
14/04/2023;6;208;141;90;51;84;150;272;533;751;663;735;706;720;756;659;830;953;933;882;844;649;353;322;319;12604
15/04/2023;7;277;163;135;89;84;110;177;219;366;461;545;556;617;640;694;651;682;619;594;574;584;365;325;351;9878
16/04/2023;1;366;279;198;148;110;124;228;221;238;340;477;532;617;572;542;534;475;534;533;576;531;323;266;249;9013
17/04/2023;2;191;97;78;57;54;114;253;477;693;574;670;660;721;762;734;718;924;922;1016;789;566;342;337;245;11994
18/04/2023;3;215;114;55;67;63;153;282;495;758;665;637;726;728;757;742;789;944;1062;1107;930;682;346;426;323;13066
19/04/2023;4;218;124;91;73;84;169;292;470;707;679;684;679;763;800;824;767;846;920;937;923;638;414;397;357;12856
20/04/2023;5;289;145;77;75;72;155;291;486;718;665;652;670;636;720;742;779;934;945;988;849;667;417;473;448;12893
21/04/2023;6;326;158;86;82;95;163;281;523;816;729;673;712;741;761;727;778;934;877;906;762;584;430;350;389;12883
22/04/2023;7;303;211;121;51;83;108;236;240;317;437;457;539;558;607;562;565;581;548;554;547;555;397;352;388;9317
23/04/2023;1;309;250;182;122;119;126;170;187;213;258;433;473;563;549;473;444;464;471;527;502;453;405;328;258;8279
24/04/2023;2;178;112;67;48;43;126;297;439;643;581;642;591;682;723;669;734;828;1005;887;798;567;327;285;249;11521
26/04/2023;4;201;116;64;45;59;156;288;452;660;694;630;585;658;663;777;749;766;931;904;861;577;397;590;584;12407
27/04/2023;5;175;312;222;188;125;159;260;480;673;630;584;602;701;677;654;696;851;897;876;786;570;532;588;614;12852
28/04/2023;6;531;311;201;179;128;161;281;558;763;642;609;646;726;701;688;783;845;795;865;719;566;444;334;309;12785
29/04/2023;7;272;170;163;105;92;105;222;232;273;357;424;504;544;495;530;498;516;539;571;591;495;373;301;309;8681
30/04/2023;1;286;226;186;122;110;94;155;133;174;277;386;399;480;434;420;438;419;469;456;487;400;380;310;278;7519